Date,Year
Wed Jun 07 2017,2017
Thu Feb 08 2018,2018
Sat Mar 10 2018,2018
Sun Jun 29 2008,2008
Wed Dec 28 2016,2016
Wed Dec 28 2016,2016
Mon Sep 18 2017,2017
Sun Jun 11 2000,2000
Mon Mar 13 2017,2017
Mon Mar 13 2017,2017
Fri Apr 14 2017,2017
Tue Jan 17 2017,2017
Sun May 31 2015,2015
Sat Jan 09 2016,2016
Fri Jun 05 2015,2015
Fri Jun 05 2015,2015
Tue May 26 2015,2015
Tue May 26 2015,2015
Sun Mar 15 2015,2015
Sun Mar 15 2015,2015
Thu Mar 13 2014,2014
Thu Jun 06 2013,2013
Mon May 03 1993,1993
Mon Apr 30 2012,2012
Sun Jan 05 2014,2014
Sun May 26 2013,2013
Sat May 25 2013,2013
Sat May 25 2013,2013
Sat May 25 2013,2013
Sat May 25 2013,2013
Sat Jun 28 2008,2008
Sat May 30 2009,2009
Mon May 08 2000,2000
Thu Jul 21 2005,2005
Tue Jan 15 2013,2013
Tue Jan 15 2013,2013
Tue Jan 15 2013,2013
Tue May 29 2012,2012
Fri Jun 29 2012,2012
Sat Jun 16 2012,2012
Sun Apr 28 1996,1996
Mon Oct 12 2009,2009
Tue Sep 30 2008,2008
Sun Feb 22 2009,2009
Sun Jul 01 2007,2007
Sat Apr 07 2007,2007
Mon Sep 18 2017,2017
Mon Sep 18 2017,2017
Fri Aug 18 2017,2017
Sat Jul 01 2017,2017
Sat Apr 25 2015,2015
Sun Feb 05 2017,2017
Wed Dec 28 2016,2016
Wed Apr 08 2015,2015
Mon Aug 10 2015,2015
Mon Aug 10 2015,2015
Sun Jan 03 2016,2016
Sat Oct 24 2015,2015
Sun Jan 03 2016,2016
Sun Jan 03 2016,2016
Tue Mar 31 2015,2015
Fri Dec 25 2015,2015
Fri Dec 25 2015,2015
Fri Dec 25 2015,2015
Fri Dec 25 2015,2015
Fri Dec 25 2015,2015
Mon Aug 10 2015,2015
Mon Aug 10 2015,2015
Sun Aug 09 2015,2015
Mon Apr 20 2015,2015
Mon Apr 20 2015,2015
Sun Jan 03 2016,2016
Sat May 26 2007,2007
Mon Jun 01 2015,2015
Sun Nov 13 2016,2016
Fri Nov 11 2016,2016
Sun Oct 23 2016,2016
Sun Oct 23 2016,2016
Thu Jun 09 2016,2016
Thu Apr 14 2016,2016
Thu Apr 28 2016,2016
Sun Apr 24 2016,2016
Thu Apr 14 2016,2016
Tue Apr 19 2016,2016
Tue Apr 19 2016,2016
Sun Mar 06 2016,2016
Sun Mar 06 2016,2016
Sun Feb 28 2016,2016
Sat Feb 20 2016,2016
Fri Jun 05 2015,2015
Fri Jun 05 2015,2015
Mon Nov 23 2015,2015
Sat May 16 2015,2015
Sat May 16 2015,2015
Tue May 26 2015,2015
Sun May 03 2015,2015
Sat Jul 18 2015,2015
Wed Feb 11 2015,2015
Tue Mar 10 2015,2015
Sun Mar 15 2015,2015
Sun Mar 15 2015,2015
Sun Apr 19 2009,2009
Sat Oct 25 2014,2014
Sun Jul 06 2014,2014
Thu Jul 03 2014,2014
Wed Jul 02 2014,2014
Wed Jul 02 2014,2014
Wed Jul 02 2014,2014
Wed Jul 02 2014,2014
Tue Apr 29 2014,2014
Wed May 08 2013,2013
Fri May 28 2010,2010
Sun Jan 12 2014,2014
Sun Jan 12 2014,2014
Sat Jan 11 2014,2014
Mon Apr 30 2012,2012
Sun May 26 2013,2013
Sat May 25 2013,2013
Wed Dec 18 2013,2013
Sun Jun 09 2013,2013
Mon May 06 2013,2013
Mon Feb 04 2013,2013
Mon Feb 04 2013,2013
Sat Oct 06 2012,2012
Fri Apr 23 2010,2010
Fri Apr 23 2010,2010
Sat May 14 2011,2011
Mon Jun 14 2010,2010
Sun Apr 25 2010,2010
Tue Apr 20 2010,2010
Thu Feb 04 2010,2010
Mon Oct 12 2009,2009
Sat May 23 2009,2009
Wed Jun 07 2017,2017
Thu Nov 23 2017,2017
Thu Jun 22 2017,2017
Tue Apr 04 2017,2017
Fri Dec 11 2015,2015
Sat Dec 12 2015,2015
Thu Mar 19 2015,2015
Tue Apr 07 2015,2015
Sun May 03 2015,2015
Sun May 03 2015,2015
Tue Apr 21 2015,2015
Tue Apr 21 2015,2015
Thu Feb 15 2007,2007
Sun Jun 11 2000,2000
Fri Apr 18 2003,2003
Sun Apr 05 1998,1998
Sat May 24 2014,2014
Tue Apr 29 2014,2014
Fri Sep 09 2011,2011
Sat Dec 28 2013,2013
Sat May 04 2013,2013
Sun Oct 13 2013,2013
Fri May 24 2013,2013
Sun Mar 17 2013,2013
Thu Dec 01 2011,2011
Thu Dec 01 2011,2011
Sat Oct 09 2010,2010
Sat Dec 22 2007,2007
Sun Apr 23 2017,2017
Wed Feb 10 2016,2016
Thu Jun 23 2016,2016
Sun Apr 13 2014,2014
Sat Dec 22 2007,2007
Tue Mar 08 2016,2016
